country,renewables_share_energy,carbon_intensity_elec,energy_per_gdp,renewable_normalized,carbon_normalized,efficiency_normalized,renewable_score,carbon_score,efficiency_score,transition_score,transition_score_100,transition_category
Norway,69.64840698242188,29.63999938964844,1.1062326431274414,0.8485815100560117,0.0015330937710081628,0.16244185365435682,0.8485815100560117,0.9984669062289918,0.8375581463456432,0.9063309957831301,90.63309957831301,Transition Leader
Iceland,82.07533264160156,27.68000030517578,3.977871417999268,1.0000000000000002,0.0,0.8068614717633249,1.0000000000000002,1.0,0.1931385282366751,0.8386277056473351,83.86277056473351,Transition Leader
Sweden,52.433502197265625,41.02999877929688,1.2579171657562256,0.6388228812054094,0.010442249522351257,0.1964811217547972,0.6388228812054094,0.9895577504776487,0.8035188782452027,0.8120560283222639,81.20560283222639,Transition Leader
Brazil,47.6599235534668,103.38999938964844,1.1707669496536257,0.5806582080033165,0.059219684804428144,0.17692388862701353,0.5806582080033165,0.9407803151955718,0.8230761113729865,0.7731906315541527,77.31906315541526,Transition Leader
New Zealand,43.2949333190918,112.37999725341795,1.1600520610809326,0.5274720662305051,0.06625158080657854,0.17451937853942312,0.5274720662305051,0.9337484191934214,0.8254806214605769,0.749584318461686,74.95843184616861,Transition Leader
Switzerland,31.095836639404297,37.2599983215332,0.5318077206611633,0.3788296064154734,0.00749338884977065,0.03353612483945222,0.3788296064154734,0.9925066111502293,0.9664638751605478,0.7418272620583908,74.18272620583907,Transition Leader
Denmark,40.791603088378906,203.5800018310547,0.648663341999054,0.4969697124093346,0.1375874095023909,0.05975949789576945,0.4969697124093346,0.8624125904976091,0.9402405021042306,0.7318010215836237,73.18010215836237,Transition Leader
Austria,35.13408279418945,140.9499969482422,0.9573935866355896,0.42803446621343966,0.08859877929092104,0.12904113181445223,0.42803446621343966,0.9114012207090789,0.8709588681855478,0.7099660484061171,70.99660484061171,Transition Leader
Finland,34.8967399597168,129.97000122070312,1.4159835577011108,0.4251425125170459,0.08001032474063977,0.23195253439357238,0.4251425125170459,0.9199896752593603,0.7680474656064276,0.6916623682318479,69.16623682318479,Transitioning
Latvia,26.645931243896484,135.19000244140625,0.7515015602111816,0.32460879799825487,0.08409336305403169,0.08283724913912491,0.32460879799825487,0.9159066369459683,0.9171627508608751,0.6796387241498643,67.96387241498643,Transitioning
Colombia,28.38390350341797,202.1499938964844,0.8445032238960266,0.3457854866112498,0.13646887007329123,0.10370759575782926,0.3457854866112498,0.8635311299267088,0.8962924042421707,0.6629851274636176,66.29851274636177,Transitioning
Portugal,28.75320625305176,225.33999633789065,0.8879547715187073,0.3502853336543038,0.15460788277703919,0.11345848433416189,0.3502853336543038,0.8453921172229608,0.886541515665838,0.6555792834840735,65.55792834840734,Transitioning
Ecuador,28.426424026489254,181.19000244140625,1.272466063499451,0.3463035868696453,0.12007415203758856,0.1997460153791752,0.3463035868696453,0.8799258479624115,0.8002539846208248,0.6505425708569876,65.05425708569877,Transitioning
Croatia,25.052818298339844,244.67999267578125,0.9108632206916808,0.3051971781702878,0.16973545510696103,0.11859933080715715,0.3051971781702878,0.830264544893039,0.8814006691928429,0.6304648230638993,63.046482306389926,Transitioning
France,13.725915908813477,78.56999969482422,0.8632350564002991,0.16718215316705207,0.039805702813310403,0.10791117472274386,0.16718215316705207,0.9601942971866896,0.8920888252772561,0.629368345196948,62.9368345196948,Transitioning
Peru,26.15500259399414,287.8099975585937,0.9894393086433412,0.3186269745869639,0.20347135955366216,0.13623245828593128,0.3186269745869639,0.7965286404463379,0.8637675417140687,0.6188157543561345,61.88157543561344,Transitioning
Canada,29.49667739868164,160.60000610351562,2.2509117126464844,0.35934431423209817,0.10396884087659178,0.4193173546023183,0.35934431423209817,0.8960311591234082,0.5806826453976817,0.6182867184217389,61.82867184217389,Transitioning
Spain,20.876808166503903,217.1300048828125,0.979709804058075,0.25431370421256766,0.14818610081830066,0.13404907655836473,0.25431370421256766,0.8518138991816994,0.8659509234416353,0.6156412260460339,61.56412260460339,Transitioning
Lithuania,14.382125854492188,180.69000244140625,0.7671555280685425,0.17517788129692133,0.11968305650515859,0.0863501296855233,0.17517788129692133,0.8803169434948415,0.9136498703144766,0.6049279039796005,60.49279039796005,Transitioning
United Kingdom,19.072383880615234,254.97999572753903,0.7685531973838806,0.23232731690480307,0.177792025462076,0.08666377830118982,0.23232731690480307,0.822207974537924,0.9133362216988101,0.6044813609168529,60.44813609168529,Transitioning
Ireland,19.420204162597656,332.6400146484375,0.604594886302948,0.2365654063014968,0.23853699835885606,0.0498701700183089,0.2365654063014968,0.7614630016411439,0.9501298299816912,0.5892373291733946,58.92373291733946,Transitioning
Luxembourg,11.034748077392578,140.5,1.0745620727539062,0.1343910525846986,0.08824679569879176,0.15533471432889703,0.1343910525846986,0.9117532043012082,0.844665285671103,0.5873907598885834,58.73907598885834,Transitioning
Romania,17.783123016357422,297.7699890136719,0.7135645151138306,0.2166180466827194,0.2112619758759056,0.07432386078131906,0.2166180466827194,0.7887380241240944,0.925676139218681,0.5872776561664618,58.727765616646174,Transitioning
Chile,26.079269409179688,372.7999877929688,1.1230483055114746,0.31770418766461817,0.2699497705175233,0.16621542811176804,0.31770418766461817,0.7300502294824767,0.833784571888232,0.5858586812364843,58.58586812364843,Transitioning
Slovenia,15.911842346191406,257.489990234375,1.017531156539917,0.19381703369616415,0.1797553207381706,0.1425365025312924,0.19381703369616415,0.8202446792618294,0.8574634974687076,0.5771173846769391,57.711738467693905,Transitioning
Slovakia,9.672483444213867,142.0500030517578,1.1964110136032104,0.11779225258241086,0.08945919423638235,0.18267862980189925,0.11779225258241086,0.9105408057636176,0.8173213701981008,0.5747974973780317,57.47974973780317,Transitioning
Belgium,10.436023712158203,139.39999389648438,1.418181538581848,0.12709576960298272,0.08738638075333045,0.23244577957892432,0.12709576960298272,0.9126136192466695,0.7675542204210757,0.569394599624076,56.939459962407604,Transitioning
Sri Lanka,23.4489688873291,509.7799987792969,0.3823652863502502,0.2856547376203672,0.3770943111754444,0.0,0.2856547376203672,0.6229056888245557,1.0,0.5634241705779692,56.34241705779692,Transitioning
Hungary,8.957308769226074,228.8999938964844,0.935742199420929,0.1090780563038775,0.1573924810582944,0.1241823804970886,0.1090780563038775,0.8426075189417056,0.8758176195029114,0.5558377539988155,55.58377539988155,Transitioning
Germany,20.32915496826172,419.739990234375,0.8838343024253845,0.24764070860889864,0.3066658210116946,0.11253381680885052,0.24764070860889864,0.6933341789883054,0.8874661831911494,0.5538831916771115,55.38831916771115,Transitioning
Vietnam,25.31220245361328,415.4100036621094,1.5513176918029783,0.30835769897680665,0.30327894420390494,0.26232263935878547,0.30835769897680665,0.696721055796095,0.7376773606412146,0.5495669740374036,54.956697403740364,Transitioning
Italy,15.951094627380373,377.8399963378906,0.8218432664871216,0.19429531137380518,0.2738920201681788,0.09862251290284382,0.19429531137380518,0.7261079798318212,0.9013774870971561,0.5484368139016819,54.843681390168186,Transitioning
Greece,18.782621383666992,376.80999755859375,1.1911442279815674,0.22879664480346223,0.27308636432619615,0.18149671931626982,0.22879664480346223,0.7269136356738038,0.8185032806837302,0.5459847683276525,54.59847683276525,Transitioning
Netherlands,14.41684627532959,326.07000732421875,1.0846837759017944,0.1756009395687422,0.23339799733378785,0.1576061086749584,0.1756009395687422,0.7666020026662121,0.8423938913250416,0.54535995515899,54.535995515899,Transitioning
Turkey,18.035873413085938,487.9299926757813,0.8252526521682739,0.2196977370627053,0.36000343163413956,0.0993876073979662,0.2196977370627053,0.6399965683658604,0.9006123926020337,0.524000200691833,52.4000200691833,Transitioning
Argentina,12.00951099395752,392.6900024414063,1.1711599826812744,0.14626825640225202,0.28550756225546425,0.1770120885063987,0.14626825640225202,0.7144924377445357,0.8229879114936013,0.5089018599574354,50.89018599574354,Transitioning
Pakistan,10.570693969726562,435.3699951171875,0.7423986196517944,0.1287366876868779,0.31889147117474764,0.08079447358870395,0.1287366876868779,0.6811085288252523,0.919205526411296,0.5077791918871113,50.77791918871113,Transitioning
Venezuela,26.48430061340332,180.42999267578125,4.316129207611084,0.3226393755788095,0.11947967918971039,0.8827693322893271,0.3226393755788095,0.8805203208102896,0.11723066771067292,0.5047100120977742,50.47100120977742,Transitioning
Ukraine,7.502861022949219,250.47000122070312,2.0014472007751465,0.09135603176750347,0.1742643480562616,0.3633354438973261,0.09135603176750347,0.8257356519437384,0.6366645561026739,0.4941695847050316,49.41695847050316,Transitioning
United States,10.874505996704102,410.3900146484375,1.360092282295227,0.13243854924245738,0.29935235365171575,0.21941006746916253,0.13243854924245738,0.7006476463482842,0.7805899325308374,0.48935246474246413,48.93524647424641,Transitioning
Philippines,13.031899452209473,602.6699829101562,0.5626459121704102,0.1587257636514659,0.4497520267775835,0.040456471426723484,0.1587257636514659,0.5502479732224165,0.9595435285732765,0.4754982004642083,47.549820046420834,Transitioning
Mexico,9.242801666259766,464.3800048828125,1.1295467615127563,0.11255670456686467,0.34158284160491886,0.1676737356716494,0.11255670456686467,0.6584171583950811,0.8323262643283507,0.4748547980504485,47.48547980504485,Transitioning
Japan,11.154245376586914,519.5999755859375,1.0465550422668457,0.13584709256535346,0.3847754092907305,0.14904970381546873,0.13584709256535346,0.6152245907092695,0.8509502961845312,0.47061873254675546,47.06187325467555,Transitioning
Estonia,13.240793228149414,487.7000122070313,1.5826635360717771,0.16127107380934544,0.359823542966391,0.26935690744631824,0.16127107380934544,0.640176457033609,0.7306430925536818,0.4667076308479182,46.67076308479182,Transitioning
Bulgaria,12.026074409484863,476.3299865722656,1.6575616598129272,0.14647007682318713,0.35093001050764894,0.28616466917481226,0.14647007682318713,0.6490699894923511,0.7138353308251877,0.46098309269125287,46.09830926912529,Transitioning
Australia,13.247021675109863,577.8599853515625,1.2354755401611328,0.16134696563161208,0.4303458683680547,0.19144503437421095,0.16134696563161208,0.5696541316319452,0.8085549656257891,0.4541114320305808,45.41114320305808,Transitioning
Czechia,7.495779514312744,488.3599853515625,1.308400273323059,0.09126974563578688,0.3603397680630908,0.2078099508484303,0.09126974563578688,0.6396602319369091,0.7921900491515697,0.4508100008593924,45.08100008593924,Transitioning
Cyprus,7.765375137329102,555.1300048828125,0.9246655106544496,0.09455469021920368,0.4125666807409577,0.12169667943772566,0.09455469021920368,0.5874333192590423,0.8783033205622743,0.44845586790375325,44.84558679037532,Transitioning
North Macedonia,13.052943229675291,624.5800170898438,1.0682621002197266,0.15898217598497316,0.4668898597437108,0.15392094810937862,0.15898217598497316,0.5331101402562892,0.8460790518906214,0.44605273687462926,44.605273687462926,Transitioning
China,15.217976570129396,586.75,1.650836706161499,0.18536248017934054,0.4372995583925365,0.2846555336589613,0.18536248017934054,0.5627004416074635,0.7153444663410387,0.4422940619829293,44.22940619829293,Transitioning
Egypt,5.6872239112854,570.0399780273438,0.7601496577262878,0.06923301942524185,0.42422912851191164,0.08477795412849204,0.06923301942524185,0.5757708714880884,0.9152220458715079,0.4410459655396337,44.10459655396337,Transitioning
South Korea,4.332525253295898,438.05999755859375,1.6933194398880005,0.05272640863929961,0.320995567048867,0.2941890123415226,0.05272640863929961,0.679004432951133,0.7058109876584774,0.43385453416786857,43.38545341678686,Transitioning
Thailand,7.247942924499512,560.2899780273438,1.2346111536026,0.08824992856987675,0.41660276562952725,0.19125105884329724,0.08824992856987675,0.5833972343704728,0.8087489411567028,0.43040865340748036,43.040865340748034,Transitioning
Indonesia,10.207818984985352,675.8099975585938,0.785476803779602,0.1243151610973651,0.5069614927193159,0.09046157629235396,0.1243151610973651,0.4930385072806841,0.909538423707646,0.4288491520927489,42.88491520927489,Transitioning
Israel,5.38734245300293,595.8599853515625,0.9142184853553772,0.06557905071080035,0.4444253075355335,0.11935228009595839,0.06557905071080035,0.5555746924644664,0.8806477199040417,0.42459104125091507,42.45910412509151,Transitioning
Belarus,1.147472262382507,439.2200012207031,1.726731538772583,0.01391746043259369,0.32190291154857376,0.3016869651452776,0.01391746043259369,0.6780970884514262,0.6983130348547224,0.4164684265245525,41.64684265245525,Transitioning
Russia,5.920468807220459,436.3299865722656,2.311911106109619,0.07207504092744182,0.3196423679132516,0.43300612569162306,0.07207504092744182,0.6803576320867484,0.5669938743083769,0.41437184406735145,41.43718440673514,Transitioning
Morocco,6.615607261657715,662.6400146484375,0.8559589982032776,0.08054510166166169,0.49666004976263367,0.10627836676455196,0.08054510166166169,0.5033399502373663,0.8937216332354481,0.41229834740670085,41.229834740670086,Transitioning
India,9.421208381652832,705.2000122070312,0.960217535495758,0.11473053872195434,0.5299500995734262,0.12967484941917087,0.11473053872195434,0.4700499004265738,0.8703251505808292,0.40797720577557706,40.797720577557705,Transitioning
Malaysia,7.832596778869629,604.0399780273438,1.544591188430786,0.09537376645195669,0.4508236247171493,0.26081315607270944,0.09537376645195669,0.5491763752828507,0.7391868439272906,0.4056574254793811,40.56574254793811,Transitioning
Taiwan,4.234935283660889,639.22998046875,1.055248498916626,0.05153730312430063,0.4783489301992165,0.1510005877718077,0.05153730312430063,0.5216510698007835,0.8489994122281923,0.39907523161567215,39.90752316156721,High Priority
Poland,9.36988925933838,732.47998046875,0.9641329050064088,0.11410523008012104,0.5512882469974051,0.13055349089277396,0.11410523008012104,0.4487117530025949,0.8694465091072261,0.3990160950545316,39.90160950545316,High Priority
Bangladesh,0.6926618218421936,676.47998046875,0.5968392491340637,0.008375726941454394,0.507485547365249,0.04812974055124017,0.008375726941454394,0.492514452634751,0.9518702594487598,0.3907301237202342,39.07301237202342,High Priority
Hong Kong,0.9266648292541504,682.27001953125,0.6095179915428162,0.011226985812428385,0.5120144641851264,0.050974955768643304,0.011226985812428385,0.4879855358148736,0.9490250442313567,0.38949001749719214,38.949001749719216,High Priority
Singapore,0.5213484764099121,504.2200012207031,1.9394278526306152,0.00628832344488264,0.37274533076446936,0.3494177864968232,0.00628832344488264,0.6272546692355306,0.6505822135031768,0.38353363977280064,38.35336397728006,High Priority
United Arab Emirates,1.4112470149993896,558.489990234375,1.7352122068405151,0.01713147939609282,0.41519483126101014,0.30359009757456085,0.01713147939609282,0.5848051687389899,0.6964099024254391,0.38005663973912096,38.00566397391209,High Priority
Algeria,0.2279137521982193,633.6500244140625,1.232331395149231,0.0027129063179246148,0.47398433843092885,0.19073946209068465,0.0027129063179246148,0.5260156615690712,0.8092605379093154,0.3733435347366614,37.33435347366614,High Priority
Azerbaijan,2.188248634338379,671.3900146484375,1.199096918106079,0.026599019084594482,0.5035042215801581,0.18328136910503218,0.026599019084594482,0.49649577841984194,0.8167186308949679,0.3725816451807682,37.25816451807682,High Priority
Qatar,0.1923282444477081,602.72998046875,1.4799269437789917,0.0022793072126227987,0.4497989563318289,0.24630196190425974,0.0022793072126227987,0.550201043668171,0.7536980380957403,0.3717317479714656,37.17317479714656,High Priority
Iraq,1.0945245027542114,688.7100219726562,1.2887673377990725,0.013272307316793765,0.5170517765524706,0.20340415687342372,0.013272307316793765,0.4829482234475294,0.7965958431265763,0.3578073809310445,35.78073809310445,High Priority
Oman,1.1359578371047974,547.3699951171875,2.393847942352295,0.013777160495510234,0.40649687043906,0.4513934330307639,0.013777160495510234,0.59350312956094,0.5486065669692362,0.35263342941642734,35.26334294164273,High Priority
South Africa,3.64823317527771,729.9500122070312,1.860482096672058,0.04438850786030777,0.5493093284287095,0.3317017024435954,0.04438850786030777,0.4506906715712905,0.6682982975564046,0.33169133128392025,33.169133128392026,High Priority
Kuwait,0.0928031802177429,636.8900146484375,2.140293836593628,0.001066623130446149,0.4765186298424904,0.3944937834534057,0.001066623130446149,0.5234813701575096,0.6055062165465943,0.3309204406245012,33.09204406245012,High Priority
Saudi Arabia,0.1567925065755844,700.0499877929688,1.7271108627319336,0.0018463145388742735,0.525921796492936,0.3017720885957489,0.0018463145388742735,0.474078203507064,0.6982279114042511,0.3300153894992255,33.00153894992255,High Priority
Iran,1.1119308471679688,655.3699951171875,2.2198827266693115,0.013484398582072172,0.4909735054439327,0.4123541921500315,0.013484398582072172,0.5090264945560673,0.5876458078499684,0.3265335188252495,32.65335188252495,High Priority
Kazakhstan,3.995128154754639,831.010009765625,1.626742243766785,0.048615322713967624,0.6283575555338081,0.2792485359575754,0.048615322713967624,0.3716424444661919,0.7207514640424246,0.31225339968054877,31.225339968054875,High Priority
Uzbekistan,2.387324571609497,1121.3499755859375,1.505496382713318,0.029024701721837094,0.8554588825701946,0.2520399566052314,0.029024701721837094,0.14454111742980535,0.7479600433947686,0.2190183363396107,21.901833633961072,High Priority
Trinidad and Tobago,0.008880702778697,682.1099853515625,4.613193035125732,4.405204933632706e-05,0.5118892868797027,0.9494329252022353,4.405204933632706e-05,0.4881107131202973,0.05056707479776468,0.20537532102740638,20.537532102740638,High Priority
Turkmenistan,0.0052653481252491,1306.1400146484375,4.838528156280518,0.0,1.0,1.0,0.0,0.0,0.0,0.0,0.0,High Priority
